uid,table_uid,angle,probabilty
0, WDT0, 0.0, 0.2
1, WDT0, 1.25663706144, 0.2
2, WDT0, 2.51327412287, 0.2
3, WDT0, 3.76991118431, 0.2
4, WDT0, 5.02654824574, 0.2
5, WDT1, 0.0, 0.3
6, WDT1, 1.25663710, 0.2
7, WDT1, 2.5132742, 0.3
8, WDT1, 3.7699113, 0.1
9, WDT1, 5.0265484, 0.1